-- Le Boeuf Shoppe - Seed Data
-- Run this after the schema migration AND after creating auth users

-- ============================================================
-- TENANT
-- ============================================================
insert into tenants (id, name, slug, domain) values
  ('a0000000-0000-0000-0000-000000000001', 'Le Boeuf Shoppe', 'leboeuf', 'leboeuf.localhost');

-- ============================================================
-- CATEGORIES
-- ============================================================
insert into categories (id, tenant_id, name, slug, sort_order) values
  ('c0000000-0000-0000-0000-000000000001', 'a0000000-0000-0000-0000-000000000001', 'Ribeye', 'ribeye', 1),
  ('c0000000-0000-0000-0000-000000000002', 'a0000000-0000-0000-0000-000000000001', 'Strip', 'strip', 2),
  ('c0000000-0000-0000-0000-000000000003', 'a0000000-0000-0000-0000-000000000001', 'Tenderloin', 'tenderloin', 3),
  ('c0000000-0000-0000-0000-000000000004', 'a0000000-0000-0000-0000-000000000001', 'Primals', 'primals', 4),
  ('c0000000-0000-0000-0000-000000000005', 'a0000000-0000-0000-0000-000000000001', 'Ground & Other', 'ground-other', 5);

-- ============================================================
-- PRODUCTS
-- ============================================================
insert into products (id, tenant_id, category_id, name, description, sort_order) values
  ('d0000000-0000-0000-0000-000000000001', 'a0000000-0000-0000-0000-000000000001', 'c0000000-0000-0000-0000-000000000001',
   'Wagyu Ribeye Steak', 'American Wagyu ribeye, wet-aged 21 days. Rich marbling, buttery flavor.', 1),
  ('d0000000-0000-0000-0000-000000000002', 'a0000000-0000-0000-0000-000000000001', 'c0000000-0000-0000-0000-000000000001',
   'Wagyu Tomahawk Ribeye', 'Bone-in Frenched ribeye. Showpiece presentation with incredible marbling.', 2),
  ('d0000000-0000-0000-0000-000000000003', 'a0000000-0000-0000-0000-000000000001', 'c0000000-0000-0000-0000-000000000002',
   'Wagyu NY Strip', 'American Wagyu New York strip, wet-aged 21 days. Bold, beefy flavor.', 1),
  ('d0000000-0000-0000-0000-000000000004', 'a0000000-0000-0000-0000-000000000001', 'c0000000-0000-0000-0000-000000000003',
   'Wagyu Filet Mignon', 'Center-cut tenderloin steaks. Melt-in-your-mouth tender.', 1),
  ('d0000000-0000-0000-0000-000000000005', 'a0000000-0000-0000-0000-000000000001', 'c0000000-0000-0000-0000-000000000003',
   'Wagyu Whole Tenderloin', 'Whole peeled tenderloin. Perfect for custom portioning.', 2),
  ('d0000000-0000-0000-0000-000000000006', 'a0000000-0000-0000-0000-000000000001', 'c0000000-0000-0000-0000-000000000004',
   'Wagyu Ribeye Primal', 'Whole bone-in or boneless ribeye primal for in-house cutting.', 1),
  ('d0000000-0000-0000-0000-000000000007', 'a0000000-0000-0000-0000-000000000001', 'c0000000-0000-0000-0000-000000000004',
   'Wagyu Strip Loin Primal', 'Whole strip loin for in-house portioning.', 2),
  ('d0000000-0000-0000-0000-000000000008', 'a0000000-0000-0000-0000-000000000001', 'c0000000-0000-0000-0000-000000000005',
   'Wagyu Ground Beef', 'Premium wagyu ground beef. Perfect for burgers and tartare.', 1),
  ('d0000000-0000-0000-0000-000000000009', 'a0000000-0000-0000-0000-000000000001', 'c0000000-0000-0000-0000-000000000005',
   'Wagyu Short Ribs', 'Bone-in short ribs. Ideal for braising.', 2),
  ('d0000000-0000-0000-0000-000000000010', 'a0000000-0000-0000-0000-000000000001', 'c0000000-0000-0000-0000-000000000001',
   'Wagyu Ribeye Cap (Spinalis)', 'The most prized cut — pure spinalis dorsi. Ultra-rich marbling.', 3);

-- ============================================================
-- PRODUCT VARIANTS
-- ============================================================
insert into product_variants (id, tenant_id, product_id, name, sku, weight_type, default_price_per_unit, unit, estimated_weight_lb, min_weight_lb, max_weight_lb, sort_order) values
  -- Ribeye Steak: King Cut (~20oz) and Standard Cut (~14oz)
  ('e0000000-0000-0000-0000-000000000001', 'a0000000-0000-0000-0000-000000000001', 'd0000000-0000-0000-0000-000000000001',
   'King Cut', 'RIB-KC', 'catch_weight', 58.00, 'lb', 1.25, 1.10, 1.50, 1),
  ('e0000000-0000-0000-0000-000000000002', 'a0000000-0000-0000-0000-000000000001', 'd0000000-0000-0000-0000-000000000001',
   'Standard Cut', 'RIB-SC', 'catch_weight', 58.00, 'lb', 0.875, 0.75, 1.00, 2),

  -- Tomahawk: single variant
  ('e0000000-0000-0000-0000-000000000003', 'a0000000-0000-0000-0000-000000000001', 'd0000000-0000-0000-0000-000000000002',
   'Standard', 'TOMAHAWK', 'catch_weight', 62.00, 'lb', 2.50, 2.00, 3.00, 1),

  -- NY Strip: King Cut and Standard Cut
  ('e0000000-0000-0000-0000-000000000004', 'a0000000-0000-0000-0000-000000000001', 'd0000000-0000-0000-0000-000000000003',
   'King Cut', 'STRIP-KC', 'catch_weight', 52.00, 'lb', 1.25, 1.10, 1.50, 1),
  ('e0000000-0000-0000-0000-000000000005', 'a0000000-0000-0000-0000-000000000001', 'd0000000-0000-0000-0000-000000000003',
   'Standard Cut', 'STRIP-SC', 'catch_weight', 52.00, 'lb', 0.875, 0.75, 1.00, 2),

  -- Filet Mignon: 8oz and 6oz
  ('e0000000-0000-0000-0000-000000000006', 'a0000000-0000-0000-0000-000000000001', 'd0000000-0000-0000-0000-000000000004',
   '8oz', 'FILET-8', 'catch_weight', 72.00, 'lb', 0.50, 0.45, 0.55, 1),
  ('e0000000-0000-0000-0000-000000000007', 'a0000000-0000-0000-0000-000000000001', 'd0000000-0000-0000-0000-000000000004',
   '6oz', 'FILET-6', 'catch_weight', 72.00, 'lb', 0.375, 0.35, 0.42, 2),

  -- Whole Tenderloin: Half and Whole
  ('e0000000-0000-0000-0000-000000000008', 'a0000000-0000-0000-0000-000000000001', 'd0000000-0000-0000-0000-000000000005',
   'Whole', 'TEND-W', 'catch_weight', 65.00, 'lb', 6.00, 5.00, 7.00, 1),
  ('e0000000-0000-0000-0000-000000000009', 'a0000000-0000-0000-0000-000000000001', 'd0000000-0000-0000-0000-000000000005',
   'Half', 'TEND-H', 'catch_weight', 65.00, 'lb', 3.00, 2.50, 3.50, 2),

  -- Primals
  ('e0000000-0000-0000-0000-000000000010', 'a0000000-0000-0000-0000-000000000001', 'd0000000-0000-0000-0000-000000000006',
   'Bone-In', 'RPRIM-BI', 'catch_weight', 42.00, 'lb', 18.00, 15.00, 22.00, 1),
  ('e0000000-0000-0000-0000-000000000011', 'a0000000-0000-0000-0000-000000000001', 'd0000000-0000-0000-0000-000000000006',
   'Boneless', 'RPRIM-BL', 'catch_weight', 45.00, 'lb', 14.00, 12.00, 17.00, 2),
  ('e0000000-0000-0000-0000-000000000012', 'a0000000-0000-0000-0000-000000000001', 'd0000000-0000-0000-0000-000000000007',
   'Whole', 'SPRIM-W', 'catch_weight', 38.00, 'lb', 14.00, 12.00, 17.00, 1),

  -- Ground Beef: 5lb and 10lb packs
  ('e0000000-0000-0000-0000-000000000013', 'a0000000-0000-0000-0000-000000000001', 'd0000000-0000-0000-0000-000000000008',
   '5lb Pack', 'GND-5', 'fixed_weight', 28.00, 'lb', 5.00, null, null, 1),
  ('e0000000-0000-0000-0000-000000000014', 'a0000000-0000-0000-0000-000000000001', 'd0000000-0000-0000-0000-000000000008',
   '10lb Pack', 'GND-10', 'fixed_weight', 26.00, 'lb', 10.00, null, null, 2),

  -- Short Ribs
  ('e0000000-0000-0000-0000-000000000015', 'a0000000-0000-0000-0000-000000000001', 'd0000000-0000-0000-0000-000000000009',
   'Standard', 'SRIBS', 'catch_weight', 32.00, 'lb', 3.00, 2.50, 4.00, 1),

  -- Ribeye Cap
  ('e0000000-0000-0000-0000-000000000016', 'a0000000-0000-0000-0000-000000000001', 'd0000000-0000-0000-0000-000000000010',
   'Standard', 'RIBCAP', 'catch_weight', 75.00, 'lb', 2.00, 1.50, 2.50, 1);

-- ============================================================
-- CUSTOMERS (3 test restaurants)
-- ============================================================
insert into customers (id, tenant_id, business_name, contact_name, email, phone, address_line1, city, state, zip, payment_terms) values
  ('b0000000-0000-0000-0000-000000000001', 'a0000000-0000-0000-0000-000000000001',
   'The Black Angus Steakhouse', 'Mike Rivera', 'mike@blackangus.example.com', '716-555-0101',
   '123 Main St', 'Buffalo', 'NY', '14201', 'net_30'),
  ('b0000000-0000-0000-0000-000000000002', 'a0000000-0000-0000-0000-000000000001',
   'Elmwood Bistro', 'Sarah Chen', 'sarah@elmwoodbistro.example.com', '716-555-0102',
   '456 Elmwood Ave', 'Buffalo', 'NY', '14222', 'net_15'),
  ('b0000000-0000-0000-0000-000000000003', 'a0000000-0000-0000-0000-000000000001',
   'Harbor Club', 'James Wilson', 'james@harborclub.example.com', '716-555-0103',
   '789 Waterfront Blvd', 'Buffalo', 'NY', '14202', 'net_30');

-- ============================================================
-- CUSTOMER PRICING (per-customer negotiated pricing)
-- Black Angus gets a volume discount, Elmwood and Harbor at standard
-- ============================================================

-- Black Angus Steakhouse pricing (volume discount — ~5% off)
insert into customer_pricing (tenant_id, customer_id, variant_id, price_per_unit) values
  ('a0000000-0000-0000-0000-000000000001', 'b0000000-0000-0000-0000-000000000001', 'e0000000-0000-0000-0000-000000000001', 55.00),
  ('a0000000-0000-0000-0000-000000000001', 'b0000000-0000-0000-0000-000000000001', 'e0000000-0000-0000-0000-000000000002', 55.00),
  ('a0000000-0000-0000-0000-000000000001', 'b0000000-0000-0000-0000-000000000001', 'e0000000-0000-0000-0000-000000000003', 59.00),
  ('a0000000-0000-0000-0000-000000000001', 'b0000000-0000-0000-0000-000000000001', 'e0000000-0000-0000-0000-000000000004', 49.00),
  ('a0000000-0000-0000-0000-000000000001', 'b0000000-0000-0000-0000-000000000001', 'e0000000-0000-0000-0000-000000000005', 49.00),
  ('a0000000-0000-0000-0000-000000000001', 'b0000000-0000-0000-0000-000000000001', 'e0000000-0000-0000-0000-000000000006', 68.00),
  ('a0000000-0000-0000-0000-000000000001', 'b0000000-0000-0000-0000-000000000001', 'e0000000-0000-0000-0000-000000000016', 72.00);

-- Elmwood Bistro pricing (standard rates, smaller selection)
insert into customer_pricing (tenant_id, customer_id, variant_id, price_per_unit) values
  ('a0000000-0000-0000-0000-000000000001', 'b0000000-0000-0000-0000-000000000002', 'e0000000-0000-0000-0000-000000000002', 58.00),
  ('a0000000-0000-0000-0000-000000000001', 'b0000000-0000-0000-0000-000000000002', 'e0000000-0000-0000-0000-000000000005', 52.00),
  ('a0000000-0000-0000-0000-000000000001', 'b0000000-0000-0000-0000-000000000002', 'e0000000-0000-0000-0000-000000000006', 72.00),
  ('a0000000-0000-0000-0000-000000000001', 'b0000000-0000-0000-0000-000000000002', 'e0000000-0000-0000-0000-000000000007', 72.00),
  ('a0000000-0000-0000-0000-000000000001', 'b0000000-0000-0000-0000-000000000002', 'e0000000-0000-0000-0000-000000000013', 28.00);

-- Harbor Club pricing (premium customer, full selection)
insert into customer_pricing (tenant_id, customer_id, variant_id, price_per_unit) values
  ('a0000000-0000-0000-0000-000000000001', 'b0000000-0000-0000-0000-000000000003', 'e0000000-0000-0000-0000-000000000001', 57.00),
  ('a0000000-0000-0000-0000-000000000001', 'b0000000-0000-0000-0000-000000000003', 'e0000000-0000-0000-0000-000000000003', 61.00),
  ('a0000000-0000-0000-0000-000000000001', 'b0000000-0000-0000-0000-000000000003', 'e0000000-0000-0000-0000-000000000004', 51.00),
  ('a0000000-0000-0000-0000-000000000001', 'b0000000-0000-0000-0000-000000000003', 'e0000000-0000-0000-0000-000000000006', 71.00),
  ('a0000000-0000-0000-0000-000000000001', 'b0000000-0000-0000-0000-000000000003', 'e0000000-0000-0000-0000-000000000008', 64.00),
  ('a0000000-0000-0000-0000-000000000001', 'b0000000-0000-0000-0000-000000000003', 'e0000000-0000-0000-0000-000000000016', 74.00);

-- ============================================================
-- SUPPLIER
-- ============================================================
insert into suppliers (id, tenant_id, name, contact_name, phone, notes) values
  ('f0000000-0000-0000-0000-000000000001', 'a0000000-0000-0000-0000-000000000001',
   'Snake River Farms', 'Sales Dept', '208-555-0100', 'Primary American Wagyu supplier');

-- ============================================================
-- NOTE: Profile records must be created AFTER auth users are set up.
-- Use the Supabase dashboard or a setup script to:
-- 1. Create auth users (owner, sales_rep, customer accounts)
-- 2. Insert corresponding profile records with the auth user's UUID
-- 3. Link customer records to profile_id
--
-- Example profile inserts (replace UUIDs with actual auth user IDs):
--
-- INSERT INTO profiles (id, tenant_id, role, full_name, email) VALUES
--   ('<owner-auth-uid>', 'a0000000-0000-0000-0000-000000000001', 'owner', 'Joe Drust', 'joe@leboeuf.com'),
--   ('<rep-auth-uid>', 'a0000000-0000-0000-0000-000000000001', 'sales_rep', 'Demo Rep', 'rep@leboeuf.com'),
--   ('<cust-auth-uid>', 'a0000000-0000-0000-0000-000000000001', 'customer', 'Mike Rivera', 'mike@blackangus.example.com');
--
-- Then link customer to profile:
-- UPDATE customers SET profile_id = '<cust-auth-uid>' WHERE id = 'b0000000-0000-0000-0000-000000000001';
-- ============================================================
